"","block","reef","date","cinder_blocks","area","n_supply","p_supply","sp_richness","sp_evenness","Lmax","skewness","TP","ffg_evenness","biomass","SP","n.turnover","p.turnover","biomass.turnover"
"1","Craig","1","1/12/10",40,10.24,0.0811469770968438,0.00596268233459253,12,0.618671926364234,9.6501282051282,1.8870588130518,3.57284735239014,0.235042735042735,128.374370262198,192.6006922,0.000632111977890177,4.64476072787276e-05,1.50030486464411
"2","Craig","1","12/10/10",40,10.24,0.159002820241829,0.0189218402946334,15,0.671817793850093,7.44203791469194,1.30491595339726,3.32944834967431,0.0465847577547674,100.245554750396,273.6408756,0.00158613337656452,0.000188754906307291,2.72970583365362
"3","Craig","1","3/14/10",40,10.24,0.0900011436099126,0.00533774614822523,9,0.595407618369526,10.7154716981132,0.944157181454328,3.18858909763006,0.10875756496974,107.135842633677,139.6775508,0.000840065671743939,4.98222258490678e-05,1.30374249519455
"4","Craig","1","4/17/10",40,10.24,0.0457628046693049,0.00619783089595565,9,0.677734375,13.77125,1.64359864277013,3.74091332162985,0.419921875,119.55742556122,142.6183158,0.000382768401498172,5.183978215374e-05,1.19288547014565
"5","Craig","1","5/23/10",40,10.24,0.078292296136171,0.0134373470726247,8,0.482758620689655,9.69827586206897,1.27306238227604,3.93959718378303,0.277645659928656,213.958023522319,168.4197684,0.000365923627668975,6.28036605097122e-05,0.787162666897749
"6","Craig","1","5/1/11",40,10.24,0.157079910629045,0.027817681980123,11,0.592083333333333,8.95333333333333,1.15567773272881,3.86816613129986,0.241805555555555,396.060003334112,363.7030843,0.000396606345772649,7.02360292530127e-05,0.918302987522787
"7","Craig","1","8/15/10",40,10.24,0.254976235654398,0.0320208262733444,13,0.705070263399477,7.70668067226891,1.47630064892242,3.6135911900718,0.119447779111645,485.450963700763,413.8064836,0.000525235821370349,6.59609902290407e-05,0.85241664872886
"8","Craig","1","8/1/11",40,10.24,0.33939438623487,0.0282677388209258,16,0.500171157513815,16.2616783216783,1.11143027155903,3.59580295704578,0.16394444716123,520.355030098752,657.2172759,0.000652236197602356,5.43239465092922e-05,1.26301705159893
"9","Craig","10","1/13/10",40,10.24,0.101416508858725,0.00977242229546502,13,0.724633473653651,12.7815476190476,0.016650830507857,3.33621607364695,0.344317027144723,149.026589144191,262.0528576,0.000680526270118139,6.55750249105526e-05,1.75843021775429
"10","Craig","10","12/10/10",40,10.24,0.106693934080819,0.0226879148304505,9,0.675957193816885,9.48820689655172,0.984359419992838,3.20848534285162,0.0407134363852557,125.492727229204,215.3411894,0.000850200138578153,0.000180790674737769,1.71596549182244
"11","Craig","10","3/14/10",40,10.24,0.0998884038487406,0.0124763275556791,15,0.694160016947956,11.0006722689076,0.932176244573675,3.41286243458044,0.214532871972318,108.988373190399,218.4992945,0.000916505136508816,0.000114473931397098,2.00479453086513
"12","Craig","10","4/20/10",40,10.24,0.069769685505999,0.00675917062846378,12,0.814814814814815,12.6468888888889,0.672447680504671,3.29997292005379,0.308148148148148,159.21804116255,187.3685426,0.000438202134610923,4.24522910790189e-05,1.17680472157493
"13","Craig","10","5/23/10",40,10.24,0.090272114127654,0.00838647655351713,13,0.85387811634349,10.2878947368421,0.25633632203257,2.82912085795391,0.542936288088643,123.587231062363,255.6491987,0.000730432370332029,6.78587624419326e-05,2.06857291406584
"14","Craig","10","5/1/11",40,10.24,0.407491183488469,0.0535704546356281,12,0.736686390532544,14.8528461538462,2.22256958171194,3.45807615281323,0.0528402366863906,935.625245894323,1061.596828,0.00043552820456332,5.72563158921844e-05,1.13463893012556
"15","Craig","10","8/15/10",40,10.24,0.518198313708734,0.11302905595283,19,0.585488905422948,8.00834575260805,2.33430828454525,3.65431996172732,0.106206751705354,691.938446775532,848.6830675,0.000748908108985075,0.000163351316117136,1.2265297172818
"16","Craig","10","8/1/11",40,10.24,0.519773887437472,0.0506684989398723,16,0.734178640601775,15.1020735785953,0.443492685269518,3.42379236770188,0.0907391558938787,1133.65600816036,1119.614754,0.000458493479235325,4.46947738777434e-05,0.987614184497517
"17","Craig","11","1/13/10",40,10.24,0.132712144491952,0.00890238433657086,12,0.582234256266923,13.4941121495327,0.255625115921087,3.26501070659502,0.201065595248493,180.549144766234,322.4937268,0.00073504720647545,4.93072639479806e-05,1.78618252231296
"18","Craig","11","12/10/10",40,10.24,0.172224084808337,0.0353436889137095,13,0.657574801621005,11.2430392156863,0.836988499818182,3.23311089687064,0.148365648280715,262.726811780362,405.7726512,0.000655525348331464,0.000134526387597078,1.54446608798809
"19","Craig","11","3/14/10",40,10.24,0.106156818322391,0.00706029078307104,11,0.526041666666667,10.6132291666667,0.963167617134626,3.37370905676092,0.173177083333333,103.883063813873,221.8269483,0.00102188763427878,6.79638289810256e-05,2.13535238715568
"20","Craig","11","4/20/10",40,10.24,0.144227838756512,0.00892176869008856,7,0.313104474439367,14.1527835051546,1.17853183507222,3.38705698319951,0.153895206716973,237.943218461679,313.5649394,0.000606143935048688,3.74953686336113e-05,1.31781414669946
"21","Craig","11","5/23/10",40,10.24,0.0966125736354971,0.00859353237302157,13,0.835118672547784,11.326231884058,0.195116890171418,3.22566228501687,0.186515437933207,161.505607077278,224.8589802,0.000598199501453031,5.32088794224319e-05,1.39226732909903
"22","Craig","11","5/1/11",40,10.24,0.407500267317158,0.0755014727706887,13,0.652739398448294,12.655912596401,2.7307236499524,3.33711893951861,0.11766659581252,748.195089610645,1105.558653,0.000544644402209613,0.000100911478595748,1.47763420042669
"23","Craig","11","8/15/10",40,10.24,0.233401112324971,0.0150153499641327,14,0.79095458984375,10.4234765625,0.343541518310485,3.09603371633728,0.4111328125,217.645284609951,338.1715504,0.00107239223097921,6.89900081733552e-05,1.55377384355488
"24","Craig","11","8/1/11",40,10.24,0.537580296828283,0.0516916335226745,15,0.760580760344465,15.6960649819495,0.152254897637617,3.45437062126581,0.220568157950011,1138.16113649876,1155.73281,0.000472323539777505,4.54167972047347e-05,1.01543865181981
"25","Craig","13","1/13/10",40,10.24,0.0914495537173608,0.0101568609898466,12,0.687326869806094,13.5857894736842,0.431928617456277,3.17912557026982,0.278739612188366,156.697017419727,237.6001947,0.000583607494406895,6.48184704284481e-05,1.51630323673338
"26","Craig","13","12/10/10",40,10.24,0.264611207781262,0.0357941554518167,9,0.749430764041154,11.283474025974,1.79507328084269,3.25796629942691,0.0320247933884299,290.855974925787,383.7351284,0.000909767137665912,0.000123064879313377,1.31933039538868
"27","Craig","13","3/14/10",40,10.24,0.10372192928478,0.0200301516653455,10,0.612900869311126,12.9150427350427,-0.000656274867303519,3.26098060571512,0.144933888523632,186.600069893915,238.188746,0.000555851502862495,0.000107342680400564,1.27646654224413
"28","Craig","13","4/23/10",40,10.24,0.0541170015641495,0.00737272894345946,9,0.77230935640887,11.1909302325581,-0.162757361320106,3.24814173393001,0.288804759329367,76.5895984008691,125.4240258,0.000706584218928812,9.62627967425899e-05,1.63761174387587
"29","Craig","13","5/23/10",40,10.24,0.0615202370756038,0.00862194171963766,11,0.732780612244898,9.34089285714286,-0.0691907330510491,3.25428102279309,0.313137755102041,62.6101001054506,140.9959323,0.000982592855976731,0.00013770848002345,2.25196784644216
"30","Craig","13","5/1/11",40,10.24,0.242804445139022,0.0322624496504028,8,0.668338597800035,10.9825498007968,0.641551686695289,3.48164282182719,0.0391739813653752,315.271865744677,463.0553031,0.000770143078151022,0.000102332155691084,1.46874920794552
"31","Craig","13","8/15/10",40,10.24,0.605414037008035,0.091721801942606,12,0.348438491432409,8.67125794155019,0.57637760612384,3.19732456776259,0.0449651177246521,401.380196178636,1059.356408,0.00150833061215256,0.000228516012538359,2.63928419509898
"32","Craig","13","8/1/11",40,10.24,0.231188994519757,0.0275954573887789,12,0.394095124997441,10.9968468468468,0.221025303953151,3.31909242470406,0.0792367068651337,294.346972130602,536.7160714,0.00078543017733907,9.3751456619485e-05,1.82341291814566
"33","Craig","14","1/13/10",40,10.24,0.0304246375405892,0.00212984127792463,10,0.881944444444444,12.035,-0.147793647130111,2.93165036784592,0.513888888888889,60.7809613957861,163.3420376,0.000500561966147158,3.50412568181637e-05,2.68738818618497
"34","Craig","14","12/10/10",40,10.24,0.0739695318190457,0.0233014086540091,8,0.485917159763314,8.23830769230769,0.533713151065433,3.40439520165728,0.0886390532544378,83.5546589257486,184.3449789,0.000885283152011658,0.000278876234474443,2.20628007187271
"35","Craig","14","3/14/10",40,10.24,0.0291792924667965,0.0032899985163786,10,0.85,12.34,-0.122729390112852,2.79319069559568,0.46,68.9244113317768,62.60281904,0.000423352073713595,4.7733429314931e-05,0.908282244713749
"36","Craig","14","4/29/10",40,10.24,0.0352939840019415,0.00248435788874931,10,0.87603305785124,11.6872727272727,-0.111162580938824,3.17523840872726,0.541322314049587,82.6020502005443,195.2293492,0.000427277336534063,3.00762255018816e-05,2.36349277924719
"37","Craig","14","5/23/10",40,10.24,0.0243361593109007,0.00191063460521707,9,0.852607709750567,9.4447619047619,0.608671584136583,3.11590517251775,0.594104308390023,49.9124103715748,96.44799387,0.000487577320544716,3.82797502864174e-05,1.93234494491429
"38","Craig","14","8/15/10",40,10.24,0.109102146142294,0.0195286573523831,8,0.734835600907029,5.99744047619048,1.72918832164589,3.45635767041122,0.0350765306122449,70.7235012980378,176.8873376,0.00154265759103927,0.000276126846012429,2.50111114910126
"39","Craig","17","12/10/10",10,7.5625,0.0892621265910523,0.0233442122916928,8,0.598815031247464,9.9563063063063,0.327184539113368,2.96958945172414,0.15290966642318,136.998001042651,235.171392,0.000651557876112825,0.000170398196426422,1.7166045505057
"40","Craig","17","3/14/10",10,7.5625,0.015958344204768,0.00118545512136603,4,0.419659735349717,8.53130434782609,0.389156619932454,3.31982965346405,0.404536862003781,12.6488516362618,27.62543726,0.00126164371783906,9.37203752131585e-05,2.18402729784601
"41","Craig","17","4/29/10",10,7.5625,0.0127031129389062,0.000996688166486715,3,0.520408163265306,12.5942857142857,0.760345042949564,3.30513406096235,0.520408163265306,19.124134448003,24.40466704,0.000664245117782714,5.21167726150761e-05,1.27611877579895
"42","Craig","17","5/23/10",10,7.5625,0.0428886063090522,0.00421281131851282,5,0.72562358276644,11.3409523809524,-0.0885361433492143,3.08237989949622,0.507936507936508,57.6548410129624,97.31387636,0.000743885605363297,7.30695158376322e-05,1.68786999756224
"43","Craig","17","5/1/11",10,7.5625,0.0516640862783603,0.00903499159861586,8,0.758026159334126,7.93534482758621,0.0762385044112902,3.29416142898356,0.241973840665874,54.1116882194252,107.0337371,0.000954767592333476,0.000166969316536172,1.97801511322237
"44","Craig","17","8/15/10",10,7.5625,0.0725278946841647,0.0201095643036358,8,0.65071106486299,7.32516129032258,0.104226118500826,3.14912079273723,0.158862296219216,63.6708381207512,196.0919215,0.00113910695735803,0.00031583633728047,3.07977603700007
"45","Craig","17","8/1/11",10,7.5625,0.190710330604009,0.0200468813830185,16,0.502956194571352,10.7804918032787,2.03426303426054,3.34392562198363,0.183955925826391,320.764307336605,515.9830184,0.000594549724648387,6.24972321561377e-05,1.60860484348882
"46","Craig","18","1/12/10",40,10.24,0.0685583936073522,0.00778040345666908,10,0.822777777777778,14.2783333333333,0.0791032100949016,2.85912940594106,0.186111111111111,139.625776753692,218.2210846,0.000491015306781735,5.57232599707871e-05,1.56289969999561
"47","Craig","18","12/10/10",40,10.24,0.224479091768548,0.0542913531768581,12,0.621268082486919,9.11578947368421,1.08763371790836,2.89383270157276,0.0769467528470299,526.170331530065,423.7566912,0.000426628181630423,0.00010318208747913,0.805360290778362
"48","Craig","18","3/14/10",40,10.24,0.197027159939168,0.0258454605996102,10,0.810031742400412,13.6438502673797,0.971692678698651,3.10794069312043,0.122165346449713,396.890597443561,567.1962097,0.000496426877351726,6.51198611559084e-05,1.42909963943063
"49","Craig","18","4/22/10",40,10.24,0.176049989494774,0.0201511004110222,13,0.700520833333333,16.211875,0.587781632721188,3.29192841963144,0.120008680555556,440.203349374101,375.4812188,0.000399928782334548,4.57767993807267e-05,0.852972198721055
"50","Craig","18","5/23/10",40,10.24,0.0471678950002946,0.0061817566360058,8,0.549768518518519,8.47638888888889,0.717350978451517,2.89644086996932,0.157021604938272,39.0429756389658,84.14849464,0.00120810194992463,0.000158332108012696,2.1552787220454
"51","Craig","18","5/1/11",40,10.24,0.2191380246938,0.0397563399229019,8,0.650201310017427,13.2443410852713,0.637033042284605,2.6530004912635,0.0606934679406287,605.162056482234,418.8734114,0.000362114614335926,6.56953612624076e-05,0.692167340819222
"52","Craig","18","8/15/10",40,10.24,0.337720197988754,0.0871988105313005,13,0.597837094907407,11.3890798611111,3.06835597343816,3.47571438945385,0.0309244791666666,292.00922098341,468.9780849,0.00115653949848365,0.000298616633535194,1.60603861522114
"53","Craig","18","8/1/11",40,10.24,0.0910580304852418,0.011456965576159,15,0.842872008324662,12.4893548387097,0.860050649327796,3.06367435962631,0.477627471383975,163.710373717187,273.8009265,0.000556214175178334,6.99831373908604e-05,1.67247145237722
"54","Craig","19","12/10/10",10,7.5625,0.0581430163146984,0.01002300984243,6,0.7325,12.93,1.27570997869453,3.08060148262238,0.26125,149.838900851517,125.7590628,0.000388036858147507,6.68919071447427e-05,0.839295150226851
"55","Craig","19","3/14/10",10,7.5625,0.0572875285775487,0.00824823075829083,5,0.562425683709869,9.92,0.764451470029152,3.07399393021323,0.0338882282996433,62.2236210819178,115.2551339,0.000920671725326453,0.000132557871349724,1.85227300976692
"56","Craig","19","4/29/10",10,7.5625,0.0391241698156165,0.00443199564258908,8,0.820415879017013,13.2030434782609,1.29465423030309,2.87448266608962,0.298676748582231,87.0474346461456,189.5163129,0.00044945804519868,5.09147186313472e-05,2.17716137954436
"57","Craig","19","5/23/10",10,7.5625,0.0187417003920835,0.00232764440295992,8,0.808888888888889,9.51866666666667,0.286994250012152,2.79053381006641,0.515555555555556,27.4009297459161,44.08500164,0.000683980454892296,8.49476431837807e-05,1.60888707240201
"58","Craig","19","5/1/11",10,7.5625,0.0725354791932337,0.014542623720081,8,0.778282548476454,7.09263157894737,0.155815563255199,3.29595834239297,0.101052631578948,45.1404187883618,94.7295672,0.00160688538432291,0.000322164129408353,2.09855313137731
"59","Craig","19","8/15/10",10,7.5625,0.128096901777289,0.0333183810449116,9,0.634140625,10.3293125,0.278719499466937,3.26048637269908,0.0490625,77.8106915681086,255.1569612,0.00164626350435613,0.00042819798119578,3.27920181735768
"60","Craig","19","8/1/11",10,7.5625,0.203136483854829,0.0283737020987829,12,0.541815299246928,10.8819540229885,0.884137169339705,3.22899989560741,0.140639450389748,232.538848006984,473.789108,0.000873559345442052,0.000122017040773896,2.03746217916144
"61","YoMama","1a","5/26/13",30,7.84,0.00996183431899831,0.000715145077334317,3,0.3203125,9.875,0.292118697336089,3.29396352674562,0.21875,10.833210015053,26.81145604,0.000919564404747629,6.60141432078398e-05,2.47493180716932
"62","YoMama","1a","5/8/16",30,7.84,0.0138471185052232,0.000571118734768058,5.5,0.683771369701504,7.23758417508417,0.165651348970185,2.82504062896824,0.475428382449637,7.33760939937024,38.5927369,0.00188714303958612,7.7834442211802e-05,5.25957908079875
"63","YoMama","1a","5/12/19",30,7.84,0.0233442083687112,0.00287666031497164,6,0.604591836734694,11.6785714285714,1.97743404093128,3.71106877171994,0.260204081632653,45.2797593732108,39.72509478,0.000515555044723196,6.35308216031197e-05,0.877325660071924
"64","YoMama","1a","6/9/13",30,7.84,0.0161960513934892,0.0011263792660854,6,0.425,10.85,0.308191639099735,3.21669170007792,0.255,19.6627760074533,59.29424011,0.000823690987851868,5.72848546745607e-05,3.01555792974116
"65","YoMama","1a","6/13/19",30,7.84,0.0362730885901008,0.00221872499659675,9,0.684694429421309,10.1363636363636,0.254312457271417,2.9038590503093,0.288804759329367,45.9590121980598,76.35925449,0.0007892486556017,4.82761680567716e-05,1.66146422296743
"66","YoMama","1b","5/26/13",30,7.84,0.101592622737902,0.00680332421590166,8,0.77750088999644,12.1698113207547,2.46801311055134,3.66884874218507,0.14311142755429,201.260560439104,277.714735,0.00050478157526865,3.38035639027258e-05,1.37987658582531
"67","YoMama","1b","5/8/16",30,7.84,0.0893521932392626,0.00582291993921528,11.25,0.818985031271644,10.360744400527,1.08383095759406,3.54623299382204,0.34553092290841,156.787197293628,283.15161,0.000569894703021736,3.71390013963336e-05,1.80596129586856
"68","YoMama","1b","5/12/19",30,7.84,0.0537957304244907,0.00259052269781202,8,0.741224489795918,10.2857142857143,0.296129049102596,3.42121409275873,0.20734693877551,97.4594990712495,163.559123,0.000551980370688775,2.6580504953326e-05,1.67822659216037
"69","YoMama","1b","6/9/13",30,7.84,0.111679446904984,0.00870602469674931,13,0.798399507540782,12.4035087719298,3.02091519837749,3.64867297390371,0.254232071406587,211.666665841086,380.2348303,0.00052761943625469,4.1130825499399e-05,1.79638503204596
"70","YoMama","1b","6/13/19",30,7.84,0.0805358587554902,0.00540695001317966,9,0.655989658144212,11.0338983050847,2.69278688461772,3.45391629437955,0.0823039356506752,97.0979650462616,191.1875706,0.000829428904273323,5.56855131887013e-05,1.96901727558255
"71","YoMama","1c","5/26/13",30,7.84,0.00836900283165984,0.000488342469414947,5,0.497041420118343,8.46153846153846,0.0997627801102423,3.25573064319324,0.272189349112426,7.01379612052636,9.869497863,0.00119322014610139,6.9625985846064e-05,1.4071549405487
"72","YoMama","1c","5/8/16",30,7.84,0.0162657240314126,0.00190412033142399,6.25,0.738605799794611,7.27848193473193,1.00092653950649,3.30982946619392,0.444303723423042,25.2934117536386,45.54942883,0.000643081454959223,7.52812767992864e-05,1.80084162918225
"73","YoMama","1c","5/12/19",30,7.84,0.0129530899848646,0.00070837261433947,7,0.75,6.08333333333333,0.283257505172923,2.99788136461877,0.475694444444444,7.40553700786582,27.32965624,0.00174910880481813,9.56544560626824e-05,3.69043544188243
"74","YoMama","1c","6/9/13",30,7.84,0.00933943835379017,0.00189049314879864,4,0.416666666666667,11.3333333333333,1.4802467902728,4.28832758397638,0.291666666666667,30.9913038878799,53.94177183,0.000301356741477491,6.10007618794632e-05,1.74054541316332
"75","YoMama","1c","6/13/19",30,7.84,0.0423639975439887,0.00198482989084889,9,0.699121900826446,7.57954545454545,1.45527889517131,3.29192141663899,0.130165289256199,15.8851720156046,46.58626799,0.00266688944270625,0.000124948592870075,2.93268892173383
"76","YoMama","1d","5/26/13",30,7.84,0.0948244382013295,0.00503028989307792,9,0.786157024793388,10.5909090909091,0.848180467051801,3.46939176442323,0.247933884297521,221.897783665858,321.0866345,0.000427333868030515,2.26694012440103e-05,1.44700244047279
"77","YoMama","1d","5/8/16",30,7.84,0.0381630098944965,0.00217720420880227,8.5,0.809605564717295,8.83979912896244,0.691116088650626,3.19328346818194,0.307443709575994,60.5340794199918,168.4199094,0.000630438428405222,3.59665865849978e-05,2.78223293413756
"78","YoMama","1d","5/12/19",30,7.84,0.100639633434607,0.0119729801181908,11,0.866417696064349,11.3220338983051,1.43188161281413,3.29418624282284,0.267164607871301,274.042266531418,404.6208441,0.000367241282552556,4.36902681828393e-05,1.4764906494948
"79","YoMama","1d","6/9/13",30,7.84,0.0620272653982456,0.00318918838281147,10,0.818359375,10.46875,0.35535279187033,3.38908407797893,0.326171875,132.969436156221,238.8078203,0.000466477614640495,2.39843717097861e-05,1.79596023870804
"80","YoMama","1d","6/13/19",30,7.84,0.10441124839931,0.00553360069850849,3,0.372941876611783,12.1408450704225,0.243875612173419,3.54457629684082,0,124.775394676098,173.6519216,0.000836793573527447,4.43484928488748e-05,1.39171606750497
"81","Craig","2","12/10/10",10,7.5625,0.20895605834594,0.0166865535903597,11,0.749107330392775,13.2402898550725,0.988298306848079,3.25866827865241,0.184940138626339,302.621668661611,492.0105434,0.000690486108513245,5.51399827519242e-05,1.62582721051004
"82","Craig","2","3/14/10",10,7.5625,0.0237117490305267,0.00168873882805133,5,0.514047866805411,9.53709677419355,0.344720403039689,3.3684958899902,0.382934443288241,28.3052806259651,36.98397672,0.000837714677478778,5.96616175747153e-05,1.30661049465356
"83","Craig","2","4/30/10",10,7.5625,0.024137667630987,0.00165729443942985,6,0.63265306122449,11.2142857142857,0.527652469014589,3.40467179745045,0.244897959183674,57.4617699095105,63.96459477,0.000420064812987808,2.88416879960314e-05,1.11316784830558
"84","Craig","2","5/23/10",10,7.5625,0.160972893425011,0.0145232979639094,13,0.8128,10.9508,-0.500479359968384,3.25960690757394,0.5808,155.931528481883,373.3903185,0.00103233063250396,9.31389444155728e-05,2.39457871115131
"85","Craig","2","5/1/11",10,7.5625,0.106565578510447,0.0104013593396209,8,0.684807256235828,11.3209523809524,0.00894523170502252,3.20375337802191,0.0917107583774252,166.701706496373,289.6562391,0.00063925907388816,6.23950381686535e-05,1.73757212921094
"86","Craig","2","8/15/10",10,7.5625,0.162374281432461,0.0180817752204765,14,0.809232725316641,9.7172027972028,1.40741973574658,3.1814358092908,0.120592694019267,166.698623887904,374.3770878,0.000974058919296476,0.000108469852952329,2.24583190351799
"87","Craig","2","8/1/11",10,7.5625,0.0844685432818902,0.00692753197063472,12,0.880466472303207,11.7130612244898,0.57486720595602,3.37357760682944,0.374010828821324,170.016065483711,260.7208556,0.000496826832461802,4.07463374177333e-05,1.53350717097367
"88","Craig","20","1/13/10",40,10.24,0.0567680821648649,0.00589482226768837,13,0.834567901234568,13.1424444444444,0.422131804517033,3.3503464713213,0.204444444444445,108.413107516774,198.1333312,0.000523627478864411,5.43737044598255e-05,1.82757727122012
"89","Craig","20","12/10/10",40,10.24,0.161194513995326,0.0476365418411955,11,0.450962962962963,10.7004444444444,0.626176565329733,3.22788495423502,0.035120987654321,254.102507105417,457.7803024,0.000634368058117792,0.000187469782899202,1.8015575982101
"90","Craig","20","3/14/10",40,10.24,0.0793888176760976,0.0111772142869046,11,0.778900112233446,8.37060606060606,1.7761945005087,3.27956759925158,0.116110600959086,97.0555377702533,283.8464003,0.000817973085307344,0.000115163076148864,2.92457707021223
"91","Craig","20","4/17/10",40,10.24,0.0512469916331308,0.00621606085404042,10,0.78858024691358,13.0911111111111,1.41705563777509,3.53929209300985,0.294753086419753,110.178928664069,189.4630663,0.000465125158272146,5.64178734483152e-05,1.71959437795646
"92","Craig","20","5/23/10",40,10.24,0.0212830447033012,0.00296535180676554,6,0.654832347140039,8.10666666666667,0.509522407370572,3.24095537561875,0.234056541748849,17.5704976729988,47.61884535,0.00121129435827009,0.000168768799948251,2.7101591677268
"93","Craig","20","5/1/11",40,10.24,0.339735348690219,0.0655588014818048,10,0.60401545857291,12.7284142394822,2.81648151363003,3.34078834905734,0.158565578492056,571.212401141136,810.4889067,0.000594761857430818,0.000114771320354452,1.41889235086782
"94","Craig","20","8/15/10",40,10.24,0.154973210505241,0.0371703007121847,14,0.667343654798544,5.05830039525692,2.46353203499586,3.36630766240101,0.183161742879907,164.912473147507,272.7605294,0.000939730073459174,0.000225394113633463,1.65397149284171
"95","Craig","20","8/1/11",40,10.24,0.136738585078283,0.0173069663986744,16,0.753520311716369,7.80950920245399,-0.123693817437908,3.13487685598249,0.162262258400525,141.157317517275,271.5810154,0.000968696398339738,0.000122607645873947,1.92395987807549
"96","YoMama","2a","5/26/13",30,7.84,0.0141741926697355,0.00087177870840771,5,0.433470507544582,8.74074074074074,0.212023524366704,3.18699561734552,0.367626886145405,12.0733324765347,28.75587622,0.00117400831106772,7.22069660636009e-05,2.38176793986987
"97","YoMama","2a","5/8.25/16",30,7.84,0.0198360047294126,0.00288357227397075,6.75,0.713027808031331,8.35172905525847,2.10661615848914,3.590249223103,0.525634256898352,44.3841918401119,58.88618608,0.000446915983079496,6.49684528301976e-05,1.32673782350549
"98","YoMama","2a","5/11/19",30,7.84,0.0286761264556071,0.00303826638003911,8,0.796875,8.96875,2.37139681016371,3.56983711590746,0.46484375,49.0256642039398,47.38483514,0.000584920712880471,6.19729774062896e-05,0.96653122215511
"99","YoMama","2a","6/9/13",30,7.84,0.012286730126676,0.000766732608557632,5,0.450413223140496,8.68181818181818,0.571902476510044,3.17533778184031,0.37603305785124,11.2308356727255,35.49463181,0.00109401744311109,6.82703078293337e-05,3.1604622170904
"100","YoMama","2a","6/13/19",30,7.84,0.0349562279919681,0.00306872271787956,8,0.55507599924939,7.76712328767123,2.70615487791925,3.73790273380629,0.178645149183712,39.0508614611068,68.20582827,0.000895146142340118,7.85827150301381e-05,1.7465895941356
"101","YoMama","2b","5/26/13",30,7.84,0.12575583418774,0.00837088296797295,10,0.823961937716263,11.8088235294118,3.27548835366075,3.62244017861607,0.23961937716263,240.832345726885,367.6070224,0.000522171695036151,3.47581340982574e-05,1.5264022002131
"102","YoMama","2b","5/8.25/16",30,7.84,0.167135167578308,0.0101597223363211,9.5,0.649696046780623,12.1652452844313,1.20178272502504,3.49771838517802,0.141733416605204,347.58567410415,655.2837476,0.00048084596124128,2.92294047000247e-05,1.88524383028413
"103","YoMama","2b","5/10/19",30,7.84,0.373195720778413,0.0210950167457776,9,0.767603305785124,12.7545454545455,0.496503861779004,3.41657324096084,0.230247933884298,1142.20837794575,1131.69242,0.000326731731253454,1.84686237232097e-05,0.990793310442478
"104","YoMama","2b","6/9/13",30,7.84,0.122118042872081,0.00655954117884618,9,0.818059661381349,10.9016393442623,0.621278889450468,3.55555655962646,0.181671593657619,226.887498390111,349.8824045,0.000538231695173046,2.89109855121576e-05,1.54209644419637
"105","YoMama","2b","6/13/19",30,7.84,0.326641152782143,0.0179966538061664,10,0.70249190296781,16.7235772357724,1.14277261271145,3.48656976764727,0.0942560645118646,919.957424356474,974.1199632,0.000355061162760477,1.95624855343228e-05,1.058875049442
"106","YoMama","2c","5/26/13",30,7.84,0.0551896983953455,0.00913143012239169,5,0.52685546875,7.390625,2.04870466223396,4.12464434522327,0.17529296875,72.2944515620824,127.9918268,0.000763401577892208,0.000126308864997062,1.7704239265179
"107","YoMama","2c","5/8.25/16",30,7.84,0.05119198060604,0.00735691194191734,11.25,0.855662387756351,8.21175484650177,2.47590493259359,3.54987011381062,0.542837565987652,82.6611002926938,118.5024332,0.000619299530550341,8.90008954135298e-05,1.43359370708103
"108","YoMama","2c","5/11/19",30,7.84,0.0383808472201364,0.00281096846473114,8,0.622040816326531,12.7714285714286,1.03460474672036,3.32938846434719,0.208979591836735,67.4297351215466,76.36916003,0.000569197656656256,4.16873721906839e-05,1.13257392888077
"109","YoMama","2c","6/9/13",30,7.84,0.029406205208695,0.00336091526309942,4,0.565417488494412,6.61538461538461,0.151822627185654,3.00448874543518,0.142011834319526,16.2143390837614,34.85841393,0.0018135925896693,0.000207280435282457,2.14985105158622
"110","YoMama","2c","6/13/19",30,7.84,0.0330892422450137,0.00212785025218905,10,0.792899408284024,7.71794871794872,0.376002133194304,2.79662387882582,0.454963839579224,31.7977352498549,91.15366129,0.00104061632015647,6.69182957675817e-05,2.86667149637382
"111","YoMama","2d","5/26/13",30,7.84,0.182493499336257,0.0132275335165464,16,0.838734567901235,12.4861111111111,1.26674572041272,3.54693222583029,0.274691358024691,416.360690234651,588.2590032,0.000438306265736585,3.17694100975088e-05,1.4128591315104
"112","YoMama","2d","5/8.25/16",30,7.84,0.0752971838917512,0.00447094920799455,6,0.678541219021394,11.4561065146094,1.19318457670211,3.50886088103964,0.0953428286148131,148.401600366073,253.4094387,0.000507387950709497,3.01273651831635e-05,1.70759235799949
"113","YoMama","2d","5/11/19",30,7.84,0.064966842464555,0.00431362581327539,7,0.635204081632653,12.5714285714286,1.69950220742216,3.45694138684987,0.196428571428571,177.581221585615,115.3875028,0.000365842975312754,2.42910020257728e-05,0.6497731109726
"114","YoMama","2d","6/9/13",30,7.84,0.223896881097024,0.0176488656050399,13,0.769718588981371,12.6091954022988,1.63429301481322,3.55988706680882,0.230677764565993,464.587229146711,690.7517342,0.000481926465151112,3.7988271088413e-05,1.48680740852192
"115","YoMama","2d","6/13/19",30,7.84,0.0550002914491049,0.00455287583757644,8,0.85207100591716,15,0.823797525437633,3.47440094930079,0.568047337278107,196.682111241531,149.0898844,0.000279640538236662,2.31483982393568e-05,0.758024628975603
"116","YoMama","3a","5/26/13",30,7.84,0.0476154281667954,0.00550104388066399,7,0.614366729678639,12.2173913043478,2.34790226324871,3.95217551692541,0.273156899810964,95.7091739779706,173.6160093,0.000497501192286489,5.74766623932014e-05,1.813995483233
"117","YoMama","3a","5/8.5/16",30,7.84,0.0299350342281549,0.00222601568858092,9,0.815687069906052,8.45897954155317,1.66064268237198,3.55383407870857,0.3803314162667,41.2769146301098,75.9139546,0.000725224607905129,5.39288294323513e-05,1.83913829994997
"118","YoMama","3a","5/11/19",30,7.84,0.0321683262513545,0.00441353022175404,7,0.789940828402367,10.3846153846154,1.00751690063994,3.6942162985663,0.42603550295858,52.0084320344958,104.2864005,0.000618521362651696,8.48618204607026e-05,2.00518255252974
"119","YoMama","3a","6/9/13",30,7.84,0.0391745333281778,0.00598527214125996,8,0.811753902662994,11.4545454545455,2.54793060285655,4.12571440479805,0.510560146923783,103.121443424064,203.5403415,0.000379887364135133,5.80410043005981e-05,1.97379259581333
"120","YoMama","3a","6/13/19",30,7.84,0.0432571058562842,0.00234193932669638,8,0.61865090029562,9.09836065573771,2.28474112976711,3.44348193067573,0.154259607632357,54.6605415565472,88.77560483,0.00079137719137916,4.28451541094521e-05,1.62412596549488
"121","YoMama","3b","5/26/13",30,7.84,0.102197503012456,0.00742239321996599,9,0.7918188458729,11.972972972973,1.08242298533118,3.65520601301181,0.151935719503287,276.197343465708,346.7897085,0.000370016241757028,2.68735141577766e-05,1.25558669083671
"122","YoMama","3b","5/8.5/16",30,7.84,0.0660907778527001,0.00433106774223,6.5,0.608933707052886,12.4501801906533,0.243258993103707,3.55431522355643,0.239970442269301,146.999799686966,219.6629968,0.000449597740904678,2.94630860140827e-05,1.49430813693467
"123","YoMama","3b","5/11/19",30,7.84,0.122899220109254,0.00728671306201888,6,0.572916666666667,19.6666666666667,0.547678833657417,3.47190432288419,0,397.985368667937,337.8419458,0.000308803362597474,1.83089973543691e-05,0.848880316708028
"124","YoMama","3b","6/9/13",30,7.84,0.110035697894251,0.00754304701366793,9,0.775728732897085,12.0975609756098,0.953935399475047,3.65130188977632,0.221296847114813,269.40879681277,359.2775232,0.000408433945721238,2.79985178765714e-05,1.3335775499925
"125","YoMama","3b","6/13/19",30,7.84,0.147565590600942,0.0092293584514689,10,0.786008230452675,16.2962962962963,0.986317452943717,3.39992770449376,0.203017832647462,441.627819841053,448.0717313,0.000334140160495442,2.08984987739012e-05,1.01459127158535
"126","YoMama","3c","5/26/13",30,7.84,0.024964905363433,0.00535240090626955,6,0.611111111111111,12.7916666666667,2.13710043083909,4.32722104844521,0.413194444444444,88.4806224334472,126.991289,0.000282151104692002,6.04923514218662e-05,1.43524407387075
"127","YoMama","3c","5/8.5/16",30,7.84,0.0270451819865569,0.00291014667222291,11,0.862518174961847,6.19178250885568,2.90364823226521,3.50682267914179,0.598432515150058,33.1215433882237,66.54303932,0.000816543530884277,8.78626529601156e-05,2.00905611613676
"128","YoMama","3c","5/11/19",30,7.84,0.0175448791293451,0.00121534750035109,5,0.316326530612245,13.5357142857143,0.594779905384791,3.18571270925069,0.196428571428571,20.0729376932814,25.93813941,0.000874056373682538,6.05465686648289e-05,1.29219448624512
"129","YoMama","3c","6/13/19",30,7.84,0.0477153912447906,0.0060213924569887,10,0.803719008264463,11.2727272727273,2.8406154383962,3.59453923395212,0.628099173553719,93.288262368364,93.95227578,0.000511483331701245,6.45460886945482e-05,1.00711786665094
"130","YoMama","3d","5/26/13",30,7.84,0.0717645478844543,0.00781759644777025,10,0.82,12.1666666666667,1.61519866123332,3.72633656175511,0.351111111111111,217.569736026402,210.2163213,0.000329846187227738,3.59314516372883e-05,0.966202033147156
"131","YoMama","3d","5/8.5/16",30,7.84,0.0616867479827464,0.0036045743837118,7.25,0.755409203691817,10.5983674371605,0.510601717328868,3.51988505558517,0.133930433339366,112.065371766095,176.2616572,0.000550453248943844,3.21649259437192e-05,1.57284676276181
"132","YoMama","3d","5/12/19",30,7.84,0.234086682221607,0.0136776387118661,8,0.712727272727273,15.7272727272727,0.65761698835337,3.47336648822056,0.104462809917355,736.628856357851,596.7110596,0.000317781037494259,1.8567883397201e-05,0.810056590167193
"133","YoMama","3d","6/9/13",30,7.84,0.0799448149517452,0.00687138354830288,12,0.839409722222222,9.8125,2.32270517811922,3.71072103076273,0.329861111111111,179.978841835041,204.2272582,0.0004441900733255,3.81788407917461e-05,1.13472926104939
"134","YoMama","3d","6/13/19",30,7.84,0.40120262372212,0.0208771027461689,10,0.636694411414982,10.148275862069,1.27732457744236,3.48626332389021,0.0407847800237813,741.427000120853,667.8924236,0.000541122219256547,2.81580017220386e-05,0.90082020683241
"135","Craig","4","12/10/10",10,7.5625,0.165428977854871,0.0370753143593721,9,0.547448015122873,11.2427826086957,0.0331984019126926,3.21467764203825,0.130510396975425,383.773373386307,353.2924186,0.000431059029434932,9.66073128842421e-05,0.920575639426592
"136","Craig","4","3/14/10",10,7.5625,0.0867677939706966,0.00621225227624902,6,0.401322314049587,14.1498181818182,1.20716687978904,3.03940116415208,0.230082644628099,215.617593643128,228.5850686,0.000402415185628625,2.88114349635635e-05,1.06014108003791
"137","Craig","4","4/30/10",10,7.5625,0.0318374479410047,0.00209798409896081,6,0.420918367346939,12.7617857142857,-0.0525894741001762,3.27996425776403,0.135204081632653,49.0689131090328,135.6895723,0.000648831325655427,4.27558705916109e-05,2.76528587455143
"138","Craig","4","5/23/10",10,7.5625,0.0152281057101435,0.00091625326989848,3,0.378698224852071,9.69230769230769,0.12667368850695,3.45113936863809,0,23.7432662944235,51.48777975,0.00064136524104605,3.85900262641486e-05,2.16852134460088
"139","Craig","4","5/1/11",10,7.5625,0.0443480332675882,0.0103571004678982,7,0.542936288088643,10.6065789473684,0.00419183765058692,2.89784386700547,0.14819944598338,89.6947074206033,172.9871806,0.000494433111416797,0.000115470586456466,1.92862193962923
"140","Craig","4","8/15/10",10,7.5625,0.199151143966385,0.0546113689629633,6,0.641124828532236,7.22537037037037,0.135672352084467,3.06641891438052,0.104938271604938,136.837518411614,403.7394168,0.00145538406628603,0.000399096458317006,2.9505023292335
"141","Craig","4","8/1/11",10,7.5625,0.201620269102336,0.0255587332405914,14,0.847392257121987,9.67102702702703,1.45649038913152,3.16598244597618,0.0933820306793278,224.635424612689,388.2333565,0.000897544407566015,0.000113778729622272,1.72828198032159
"142","YoMama","4a","5/26/13",30,7.84,0.0187470280088019,0.00119316761839087,5,0.430727023319616,8.92592592592593,-0.369608620333853,3.26508426979678,0.139917695473251,18.383827027157,39.68223972,0.00101975654911833,6.49031138417643e-05,2.15854074678687
"143","YoMama","4a","5/10.125/16",30,7.84,0.0264371503655171,0.00463869019624828,5,0.675745945683346,8.96106652850074,1.25652260512918,3.93575967622822,0.441915377849596,75.6097727443095,44.06127513,0.000349652556884676,6.13504052172593e-05,0.582745768579448
"144","YoMama","4a","5/12/19",30,7.84,0.0211887161314612,0.00267853361794345,5,0.659729448491155,9.38709677419355,2.32142094239676,3.71542966698279,0.378772112382935,44.6403574472298,44.74494714,0.000474653818722414,6.00025127735546e-05,1.00234294030674
"145","YoMama","4a","6/9/13",30,7.84,0.0134154539074192,0.000913778597680747,5,0.579881656804734,8.61538461538461,0.43993588338453,3.12681873568218,0.378698224852071,10.337440121153,24.58236178,0.00129775396521697,8.83950559298457e-05,2.37799314839062
"146","YoMama","4a","6/13/19",30,7.84,0.0391261410765858,0.00163988527705318,10,0.655132641291811,7.05769230769231,0.449469317677383,3.33804566240638,0.249134948096886,22.3976793847268,75.004688,0.00174688370185646,7.32167493285683e-05,3.34877050035579
"147","YoMama","4b","5/26/13",30,7.84,0.263106608213818,0.0191116324959265,11,0.774260724698043,13.4230769230769,2.48219019529216,3.57623748190464,0.206164098292378,669.592841422571,840.7286511,0.000392935216653212,2.85421696792984e-05,1.25558189856667
"148","YoMama","4b","5/10.125/16",30,7.84,0.193346141848763,0.0114142820424964,5.25,0.376359655755799,14.8777674774497,0.642247153731901,3.4544213676087,0.139334827613119,428.610683774079,680.5115597,0.000451099678958716,2.66308854972754e-05,1.58771487847162
"149","YoMama","4b","5/13/19",30,7.84,0.206930708118329,0.0122614817403003,5,0.632956573468174,17.6829268292683,0.436065135279439,3.35634011988197,0.0475907198096372,715.519869752627,615.9213776,0.000289203300797042,1.71364657483787e-05,0.860802618679114
"150","YoMama","4b","6/9/13",30,7.84,0.103920329443989,0.00546172350995512,7,0.7376,12.28,-0.360097533298826,3.47411023406971,0.1144,194.754937873962,261.2840335,0.00053359535105211,2.8044082319955e-05,1.34160415315936
"151","YoMama","4b","6/13/19",30,7.84,0.421479913627073,0.0268303904429661,9,0.724048442906574,17.4264705882353,1.43199376544963,3.49437984840701,0.164792387543253,1534.9642312927,863.9590473,0.000274586146722204,1.74794890304189e-05,0.562852885876304
"152","YoMama","4c","5/26/13",30,7.84,0.031822375001265,0.00453649959901481,6,0.567474048442907,11.2368421052632,2.28372576480292,4.06543028111264,0.455017301038062,78.1007901810067,145.5128664,0.000407452663763239,5.80851946376087e-05,1.8631420509672
"153","YoMama","4c","5/10.125/16",30,7.84,0.0147726380769759,0.00180885166603786,8.75,0.812195236268866,7.63416497451824,2.05932609813038,3.52589421601544,0.606524839438935,31.3053294235914,55.55064515,0.000471888919521908,5.77809497406126e-05,1.77447885624668
"154","YoMama","4c","5/13/19",30,7.84,0.0196567472320981,0.00249308351324348,5,0.567901234567901,11.5,1.36170349852456,3.69220914807292,0.104938271604938,59.6453921815958,54.54287196,0.000329560197579913,4.1798426031856e-05,0.914452398836431
"155","YoMama","4c","6/9/13",30,7.84,0.0110388747329506,0.00201638007855815,4,0.513888888888889,11.6666666666667,1.29528037137815,4.17764665613735,0.513888888888889,34.6085403672895,63.72479797,0.000318963892027763,5.82624998673432e-05,1.84130267540061
"156","YoMama","4c","6/13/19",30,7.84,0.048144838942537,0.00413306031173473,8,0.518816568047337,8.83076923076923,1.23404195323468,3.63422595583729,0.221538461538462,78.3335043895845,172.4368454,0.000614613623094059,5.27623568477076e-05,2.20131662363018
"157","YoMama","4d","5/26/13",30,7.84,0.208507021747479,0.011938472490247,12,0.824502830599506,12.1046511627907,-0.36148198082454,3.40251414950415,0.298156481347075,464.156642369842,612.9404779,0.000449216929618644,2.57207834607145e-05,1.32054660420351
"158","YoMama","4d","5/10.125/16",30,7.84,0.121485422350034,0.0105218271173756,10.875,0.685889890601509,9.80201085772471,1.61054811008995,3.66127970416845,0.254590014813752,192.608932357561,261.8900671,0.000630736180627946,5.46279291857699e-05,1.35969845164722
"159","YoMama","4d","5/13/19",30,7.84,0.0672376807982017,0.00565008391916317,10,0.83984375,12.0625,2.07083080354302,3.53527953167394,0.279296875,203.638548321024,168.6005162,0.00033018149732734,2.77456501519356e-05,0.827940081041096
"160","YoMama","4d","6/9/13",30,7.84,0.0976090401226491,0.00833164769136338,10,0.782548476454294,12.6315789473684,1.79098688379758,3.51151919588247,0.281163434903047,249.073596396455,335.0339111,0.000391888347600214,3.34505455893516e-05,1.34512014098323
"161","YoMama","4d","6/13/19",30,7.84,0.111507363317999,0.00786640165725942,13,0.833057851239669,9.91071428571429,1.85729907739562,3.52922261246929,0.372892561983471,272.999579223663,230.6537133,0.000408452509835714,2.88147024974519e-05,0.844886698931612
"162","Craig","5","1/12/10",40,10.24,0.0526812158872182,0.00403248337599697,12,0.8225,12.1995,0.403474119320387,3.20456861446539,0.3475,92.6962320712156,174.980379,0.000568321006259941,4.35021282515446e-05,1.88767520631872
"163","Craig","5","12/10/10",40,10.24,0.29603372961475,0.0350419850556487,13,0.732885669734923,14.6377304964539,2.27468563430401,3.55249617265309,0.108596147075097,475.584735721852,641.4985164,0.000622462638893202,7.36818960399586e-05,1.34886271197565
"164","Craig","5","3/14/10",40,10.24,0.0853412072574804,0.00560721653744314,10,0.664359861591695,11.0619607843137,0.646927472241397,3.40256734813195,0.148212226066898,79.5348943480225,179.6553971,0.00107300333969202,7.05000815479496e-05,2.25882486640239
"165","Craig","5","4/22/10",40,10.24,0.0907696719741817,0.00779519494825047,12,0.767595518529158,14.1983050847458,-0.164471206991192,3.35089303208371,0.218328066647515,163.922948732908,279.271307,0.000553733767454851,4.75540185709554e-05,1.70367425158412
"166","Craig","5","5/23/10",40,10.24,0.0108325312276946,0.000751280874896065,5,0.635802469135802,9.26111111111111,0.848395642372538,3.2327920316688,0.438271604938272,11.4726993514927,32.82260895,0.000944200740890608,6.54842292889265e-05,2.86093167304428
"167","Craig","5","5/1/11",40,10.24,0.122601468622037,0.0172117098874041,11,0.51924734271761,10.7189830508475,1.21790767097989,3.5047780394506,0.0663602413099684,220.40293484772,227.421408,0.0005562605992826,7.80920176915788e-05,1.03184382801948
"168","Craig","5","8/15/10",40,10.24,0.487882659275739,0.0572703894917947,16,0.652889596607952,7.21621745788668,1.33071238761807,3.22256043223044,0.0684038094880736,205.618537011576,599.5090475,0.00237275620363096,0.000278527365889052,2.91563716099317
"169","Craig","5","8/1/11",40,10.24,0.336485581381187,0.0297643770204527,18,0.622465535700489,10.7825249169435,0.948391587808506,3.24449009426663,0.0899990066334808,422.187542302841,718.9396702,0.000797004998171691,7.05003678178222e-05,1.70289172029689
"170","Craig","6","12/10/10",10,7.5625,0.0807057694795747,0.0107410485834846,8,0.731009365244537,12.2345161290323,0.849161854569349,3.34101280389732,0.0629552549427679,110.036400527245,156.896521,0.00073344610595102,9.7613594519798e-05,1.42586017216323
"171","Craig","6","3/14/10",10,7.5625,0.0598518604025876,0.00557784225302044,7,0.491666666666667,9.56366666666667,1.87976321185301,3.20439790985433,0.0650000000000001,126.079813461247,151.9147026,0.000474714062144329,4.42405655583787e-05,1.20490900509378
"172","Craig","6","4/30/10",10,7.5625,0.0136937826960462,0.000993703624306889,5,0.56198347107438,10.6081818181818,1.34235995074423,3.36403261278881,0.314049586776859,12.5634380911008,30.87486491,0.00108997096151141,7.90948796898811e-05,2.45751717691592
"173","Craig","6","5/23/10",10,7.5625,0.0154355557685822,0.00126924870255058,3,0.255102040816327,11.1,-0.158338330539489,3.35239208235008,0.244897959183674,16.4537836076548,24.50858076,0.000938115884871683,7.71402330804988e-05,1.48954072476059
"174","Craig","6","5/1/11",10,7.5625,0.0483290700087311,0.00638972075007907,7,0.769097222222222,8.97625,-0.560538157924328,3.23751314263685,0.0407986111111112,51.9470392594819,100.9948594,0.000930352734201488,0.000123004522320543,1.94418894396499
"175","Craig","6","8/15/10",10,7.5625,0.051753979286868,0.00800616774704622,8,0.6,7.5146,0.652812185933086,3.26596931884168,0.1504,47.2741492710447,111.4933458,0.00109476278441603,0.00016935614644577,2.35844214056094
"176","Craig","6","8/1/11",10,7.5625,0.171848427643183,0.0195266833076728,9,0.549851407260649,11.160534351145,1.72127905600733,2.95119702566008,0.101858866033448,224.504454126636,365.5389308,0.000765456651235298,8.69768191621643e-05,1.6282034680426
"177","Craig","8","1/12/10",40,10.24,0.0856433244268323,0.00989390537781643,11,0.597869822485207,11.8441538461538,0.636147962219919,3.13467824040003,0.145798816568047,163.270177731774,266.6403452,0.000524549710281629,6.05983622684019e-05,1.63312338422296
"178","Craig","8","12/10/10",40,10.24,0.446248179764392,0.0900098543324062,13,0.634281939490025,10.4754252873563,2.52757455478818,2.93673753503027,0.25143612101995,685.874343114757,861.0140595,0.000650626728123183,0.000131233738710279,1.25535248277386
"179","Craig","8","3/14/10",40,10.24,0.0904050579643498,0.00963977848661546,13,0.7912,10.212,1.24818763433685,2.76456779549198,0.3048,131.516949831284,421.8804725,0.0006874023316411,7.32968526032716e-05,3.20780304775323
"180","Craig","8","4/20/10",40,10.24,0.0574209438750096,0.0071149710348131,14,0.875650364203954,11.1666129032258,0.0845022701096413,2.91613845499943,0.45837669094693,108.336428860823,313.2508707,0.000530024336954811,6.56747791082677e-05,2.89146387779152
"181","Craig","8","5/23/10",40,10.24,0.0937291631204584,0.0112520498797982,9,0.458404350296242,10.1753153153153,0.285456907398041,3.00345883223277,0.228715201688175,102.679651519222,242.2871663,0.00091283094297327,0.000109584028707886,2.35964149386154
"182","Craig","8","5/1/11",40,10.24,0.277775808675934,0.0713590664740527,11,0.525211033696603,10.6341692789969,0.873560349489877,2.98365631716002,0.055345368068317,544.954813609707,697.9161645,0.000509722644407864,0.000130944923674277,1.28068630108448
"183","Craig","8","8/15/10",40,10.24,0.344955327324767,0.0662413418472224,16,0.697663131840132,10.3893842364532,1.21293159091154,2.99299107226097,0.234536145016865,383.156773349266,708.054887,0.000900298132039867,0.000172883128929683,1.84795085523537
"184","Craig","8","8/1/11",40,10.24,0.371301918304048,0.0459074740573703,17,0.57975924744898,15.4353571428571,0.104706055848795,3.20798188312772,0.191525829081633,743.031038637784,859.725394,0.000499712527466907,6.17840597097176e-05,1.15705179096711
"185","Craig","9","1/12/10",40,10.24,0.0354228139797285,0.0023571420466209,7,0.600550964187328,12.2042424242424,-0.252193371491311,3.30657798707456,0.168962350780533,41.7037920217821,77.99238453,0.000849390721141785,5.65210483830765e-05,1.87015090832182
"186","Craig","9","12/10/10",40,10.24,0.133589185732378,0.0410621431976202,11,0.531311930241776,9.42442528735632,2.92496042669614,3.51591907004593,0.120161183775928,297.824009459461,351.5322046,0.000448550759808913,0.000137873851312882,1.18033534380931
"187","Craig","9","3/14/10",40,10.24,0.0886219034774239,0.00827006444966448,8,0.641975308641975,9.53606060606061,1.44207675517528,3.47290394354322,0.0199979593918986,81.6862418418127,184.587267,0.0010849061173489,0.000101241828038553,2.25971060533618
"188","Craig","9","4/17/10",40,10.24,0.101272233587013,0.0100983360883052,7,0.684023668639053,15.7368181818182,0.143852115019957,3.30658952289532,0.215857988165681,209.152608527909,270.0923446,0.00048420258441816,4.82821426870116e-05,1.29136493444192
"189","Craig","9","5/23/10",40,10.24,0.043160579836943,0.0045607758064254,9,0.771700356718193,9.24224137931034,1.80654785179076,3.31443152156683,0.47384066587396,76.1886767251017,97.59883576,0.000566495989852557,5.98615962694988e-05,1.28101497433994
"190","Craig","9","5/1/11",40,10.24,0.20978378172974,0.0553006748791894,12,0.536256,10.6133864541833,1.74027660754261,3.26117408611641,0.121824,425.584058170619,537.2615054,0.000492931484866937,0.000129940663465874,1.2624098461522
"191","Craig","9","8/15/10",40,10.24,0.227939176378688,0.0650418775533638,12,0.624784671737116,9.89471321695761,2.8457676129461,3.58604820771088,0.0916163456694922,190.369690583126,366.6495772,0.00119735014371501,0.000341660888107411,1.92598714678218
"192","Craig","9","8/1/11",40,10.24,0.177100625109272,0.0315504633158243,16,0.645056559045582,8.31822335025381,1.08197876281075,3.29561754468232,0.133834935195444,272.306427336838,402.3840508,0.000650372548460643,0.000115863821593887,1.47768840689999
"193","ES","ES","5/16/16",88,12,1.02758799887804,0.0913378128870675,10,0.622633613343073,12.9222972972973,1.12365666891264,3.55706966768873,0.202109203798393,1813.18730518626,1801.71341,0.000566730197116886,5.03741740446858e-05,0.99367197467496
"194","ES","ES","5/20/18",88,12,0.154112279450778,0.0204030121788736,11,0.569625047342507,13.8314606741573,1.8391053113144,3.71835321554035,0.149728569625047,434.831642958334,421.8613205,0.000354418271867914,4.69216362453839e-05,0.970171622354594
"195","Haiti","H1","5/23/16",88,12,0.368063119439312,0.0412634855302615,12,0.417850349297197,7.41834862385321,1.53816516663888,2.9965626188194,0.202050332463597,281.167059184158,397.770009,0.00130905491029886,0.000146757894221296,1.41471056443874
"196","Haiti","H1","6/15/18",88,12,0.16774479069379,0.0197208143802781,17,0.782635041551247,9.51973684210526,1.97918144080766,3.4488315384616,0.247489612188366,333.425912129368,560.9260621,0.000503094644391963,5.91460161399407e-05,1.68231094733382
"197","Haiti","H2","5/23/16",88,12,0.384537690741248,0.0521287217924611,14,0.314311111111111,6.70166666666667,2.61230580448745,3.9090778030354,0.158666666666667,347.507117437217,593.8131069,0.00110656061831804,0.000150007637762639,1.70877969717349
"198","Haiti","H2","6/22/18",88,12,0.449147355239909,0.0255750812931469,17,0.787244632963989,12.2598684210526,0.552909545370826,3.49483503123648,0.153241862880886,849.396243924649,1367.718866,0.000528784249344707,3.01097179038334e-05,1.61022476351018
"199","Haiti","H3","5/22/16",88,12,0.255256990682419,0.0175372807805896,19,0.883132343046426,8.01438848920863,2.55213416176552,3.37805017276843,0.374954712489002,302.679884194207,705.8887089,0.000843323273239527,5.79400273899182e-05,2.33212957240027
"200","Haiti","H3","6/22/18",88,12,0.822116210460907,0.0812034498377493,14,0.833259044133322,14.8252911813644,2.98277865266871,3.41122051735204,0.16771271397366,1820.93190678624,2309.693041,0.000451481028695828,4.45944461377829e-05,1.26841263662427
"201","Haiti","H4","5/22/16",88,12,0.185603978814877,0.0180545427707112,13,0.415399474405337,5.81990521327014,2.83542375573465,3.64945574942912,0.135351856427304,215.089438133975,341.4383604,0.000862915354771012,8.39396993517893e-05,1.58742504216932
"202","Haiti","H4","6/22/18",88,12,0.432614671607191,0.0460822840037147,15,0.721978096268253,10.6046511627907,0.478597078100622,3.4240141430499,0.136577203893997,916.884244374844,1222.146048,0.000471831285422686,5.02596530439181e-05,1.33293385233519
"203","Haiti","H5","5/22/16",88,12,0.211730700605907,0.0159379204820313,12,0.797097554420855,9.57377049180328,0.327169891481048,3.3855381029746,0.585445967332557,356.540141307742,694.8073124,0.000593848142397956,4.47016159907636e-05,1.94874919231125
"204","Haiti","H5","6/17/18",88,12,0.124385070596735,0.00628651227121292,10,0.803717352988303,12.4050632911392,-0.551269747888999,3.42519079822867,0.431020669764461,250.684709247761,438.2925277,0.000496181322626267,2.50773662664831e-05,1.74838157865791
"205","Haiti","H6","5/22/16",88,12,0.432507551858515,0.030327635009929,8,0.683980851599899,9.96190476190476,-0.0517781633223719,3.51059206799803,0.0376114890400606,712.571654976728,1197.531853,0.00060696710125614,4.25608214950951e-05,1.68057744738543
"206","Haiti","H6","6/17/18",88,12,0.28418617499041,0.0178466067358655,12,0.7826,12.035,3.10421308192466,3.46425506879677,0.31315,587.567920082143,993.8233501,0.000483665233034983,3.03736914931817e-05,1.69141867030634
"207","Haiti","H7","5/23/16",88,12,0.235767151283069,0.0255163289967458,12,0.660453702978568,10.0088495575221,1.05275659990897,2.95688942502982,0.556155968012809,339.484224974289,679.6577367,0.000694486323483587,7.51620461854401e-05,2.00203039405285
"208","Haiti","H8","5/21/16",88,12,0.298595198683349,0.0237793528056316,14,0.834084664383523,8.80760095011876,0.794917538663164,3.12147868458732,0.5915335616477,392.674207900083,1036.861737,0.000760414594786239,6.05574604270476e-05,2.64051398370384
"209","Haiti","H8","6/19/18",88,12,0.0321990831235556,0.00202848688151279,7,0.74537037037037,10.9166666666667,0.213154503944838,3.1106068185565,0.527777777777778,56.7290871043011,178.0178052,0.000567593888199803,3.57574391737214e-05,3.13803401899804
"210","HCR","HCR2_Busted","6/17/18",88,12,0.105068517971426,0.00690839798601513,10,0.799338842975207,14.4,2.47031938563245,3.51642833406611,0.289586776859504,275.994956587288,414.1250886,0.000380689992565846,2.50308848807903e-05,1.50048063819973
"211","HCR","HCR2_Clock A","6/17/18",88,12,0.068803099114284,0.0036862622079263,11,0.843310189528992,9.47945205479452,0.429195667836968,3.01369656856541,0.547945205479452,102.611098162145,275.4512448,0.000670522977987842,3.5924595623188e-05,2.68441961672348
"212","HCR","HCR2_Clock B","6/17/18",88,12,0.0755229559238151,0.00459049325483798,7,0.707939508506616,11.304347826087,0.120778669359014,3.49198409844493,0.16351606805293,151.646373264386,260.6658275,0.00049802019196427,3.02710388387247e-05,1.71890577986685
"213","LH","LH1","12/16.5/21",88,12,0.205492873822592,0.0194774508840814,7,0.547335817079407,16.5769230769231,1.30885448387939,3.60495080075522,0.209017459273869,725.615921117542,423.6333425,0.000283197856940772,2.68426454233303e-05,0.583825864580741
"214","LH","LH1","12/27.5/22",88,12,0.151066986540722,0.0148958068006331,9,0.602460144448848,17.5180555555556,-0.185268765650177,3.59408608768042,0.299580663451799,408.56749664143,364.140413,0.000369747930960114,3.64586192565046e-05,0.891261336237864
"215","LH","LH1","2/28/22",88,12,0.120668081499319,0.0128525332683558,10,0.527303434040158,13.7532467532468,-0.0686398474348852,3.60997467944852,0.177894539313192,240.705533026498,339.4119741,0.000501309961520642,5.33952548026428e-05,1.4100713424923
"216","LH","LH1","3/1.5/22",88,12,0.114679410199241,0.0182261990731854,8.5,0.641756606760084,15.3943089430894,0.209720419436783,3.77727304948609,0.267045975104295,233.811019570356,332.5310059,0.000490479064716333,7.79526949015375e-05,1.42222127302233
"217","LH","LH1","4/23.5/23",88,12,0.155587362977448,0.0149996964771394,5.5,0.370740250385521,20.9072836618777,0.899238659273085,3.6200639168464,0.115898415307199,429.370861029008,349.4304357,0.00036236125247199,3.49341276704056e-05,0.813819631035447
"218","LH","LH1","5/24/17",88,12,0.213768465986509,0.0272213314864417,12,0.809964475242314,14.1456953642384,2.07445972817034,3.754598141505,0.451734573045042,366.44669064005,672.9317486,0.000583354882024266,7.42845608426588e-05,1.83637010727163
"219","LH","LH1","5/15/22",88,12,0.0967478472950282,0.00801200327724146,8.66666666666667,0.596347003936063,16.5555245881333,0.12228885715594,3.56901150210007,0.160907451092288,247.824701940462,286.9204325,0.000390388232236314,3.23293167085753e-05,1.15775558390031
"220","LH","LH1","5/4/23",88,12,0.0784452520354219,0.00734935310251902,5,0.5408,18.1379310344828,0.9411932997205,3.58954493858414,0.2176,227.163880184207,188.3578722,0.000345324494245347,3.23526482139653e-05,0.829171750576107
"221","LH","LH1","7/7/22",88,12,0.0774502238159412,0.00830616742601716,10,0.782510790016889,8.04054054054054,-0.916141438211632,3.6389120701168,0.197785700881967,154.435703288855,189.2745653,0.000501504653176468,5.37839842026774e-05,1.22558813324392
"222","LH","LH1","7/2/23",88,12,0.103282286230646,0.00828398057703621,6,0.728894173602854,11.8275862068966,-1.30397636440765,3.60797611633621,0.0665873959571937,255.706997814643,245.0228529,0.000403908720188853,3.23963780726921e-05,0.958217236892409
"223","LH","LH2","12/31/22",88,12,0.0938790071539972,0.0105621798022484,10,0.776859504132231,18.5151515151515,-0.366037976700853,3.35286540219535,0.56198347107438,294.066270355727,292.9152022,0.00031924439018604,3.59176854573341e-05,0.996085684514804
"224","LH","LH2","2/28/22",88,12,0.149175229609262,0.011833797314812,9,0.804081632653061,15.6285714285714,-0.785607225999486,3.47223889246815,0.397959183673469,408.932476574539,412.2486691,0.000364791837661911,2.8938267300115e-05,1.00810938899556
"225","LH","LH2","4/21/23",88,12,0.111613036604475,0.0092435653005816,9,0.771358024691358,17.4,-0.31908790564184,3.52264953370822,0.419753086419753,329.572693436608,329.3240177,0.000338659842964033,2.80471212714702e-05,0.999245460131983
"226","LH","LH2","5/25/16",88,12,0.417018676086511,0.0296730309910338,7,0.654907112028523,25.9041095890411,-0.262433908309734,3.82126039535233,0.510414711953462,1171.98639473597,414.1082479,0.00035582211360095,2.53185797414642e-05,0.353338784272569
"227","LH","LH2","5/21/18",88,12,0.455014916068328,0.0261803006850387,10,0.725062755978333,19.8965517241379,0.468334343419699,4.15048882000217,0.602721627691901,1065.13272986396,252.6079449,0.000427190812291012,2.4579378654886e-05,0.237161001457784
"228","LH","LH2","5/15/22",88,12,0.136053819758316,0.0104608911325086,11,0.80938385943544,16.1150706436421,-0.176077770979397,3.51653316550284,0.454290904248294,388.426034059697,435.5027487,0.000350269569565995,2.69314881476274e-05,1.12119865949322
"229","LH","LH2","7/7/22",88,12,0.184497413563627,0.0136528095537506,13,0.792824074074074,17.9861111111111,0.143662805492421,3.59319024600882,0.417824074074074,556.250058816169,487.4838526,0.000331680708414272,2.45443741305969e-05,0.876375372683071
"230","LH","LH3","12/31/22",88,12,0.0665750890057732,0.0055854032407383,6,0.676406135865595,16.972972972973,0.504876814709364,3.6407391921221,0.242512783053323,173.769294797247,123.4578065,0.000383123434341219,3.21426362882769e-05,0.710469629539842
"231","LH","LH3","2/28/22",88,12,0.140093123328658,0.00930580335537703,6,0.400826446280992,16.0454545454545,0.77663013343723,3.69568113415342,0.116161616161616,310.650035782777,244.3194944,0.000450967671629751,2.99559062722405e-05,0.786478243224286
"232","LH","LH3","4/21/23",88,12,0.151869572978319,0.0120922633795821,12,0.540863177226814,17.5757575757576,0.913631644707456,3.58247051012352,0.318181818181818,383.644441837952,337.3387627,0.000395860219558367,3.15194541113404e-05,0.879300534327795
"233","LH","LH3","5/20/16",88,12,0.694676952579852,0.0407336478477472,8,0.743589743589744,22.8205128205128,0.075511024349694,4.15138786554928,0.696909927679158,1746.14337325173,196.3904686,0.00039783500210879,2.33277796495551e-05,0.112470986981026
"234","LH","LH3","5/27/17",88,12,0.38196329153652,0.0200729054907968,8,0.516266666666667,22.04,0.551892679102377,4.14822959625892,0.453333333333333,832.388493971472,243.6580564,0.000458876227029648,2.41148281555713e-05,0.292721557499509
"235","LH","LH3","5/15/22",88,12,0.126171725585505,0.00863147490248983,10.3333333333333,0.599493615411128,15.6787824481373,-0.103614343148483,3.59180357197662,0.260767534870032,312.048847872428,325.7660818,0.000404333252456317,2.76606530078219e-05,1.04395861103509
"236","LH","LH3","7/7/22",88,12,0.106095619200854,0.00727907713182368,8,0.575892857142857,19.2321428571429,-0.0760739611782406,3.65847529653026,0.228316326530612,232.556546182714,194.483396,0.000456214288276783,3.13002461177966e-05,0.836284332530459
"237","LH","LH4","12/16.5/21",88,12,0.198780554447321,0.0177631230397512,11,0.512401462451412,17.8868847202181,0.335742230462581,3.56444372078555,0.375186335476046,536.870544913006,399.2446321,0.000370257888667615,3.30864175881163e-05,0.743651585811424
"238","LH","LH4","12/27.5/22",88,12,0.147313261516038,0.0142547356807607,9.5,0.851018181818182,19.2786956521739,1.7081822047849,3.42082206006521,0.625004132231405,495.626837808962,455.5835299,0.000297226159437354,2.87610246123419e-05,0.919206740123309
"239","LH","LH4","2/28/22",88,12,0.0719448348179092,0.00571916497370674,10,0.813019390581717,14.9756097560976,2.48553506072819,3.39011915979855,0.46814404432133,220.928274770819,234.0696273,0.00032564792755722,2.58869761221806e-05,1.05948243855529
"240","LH","LH4","3/1.5/22",88,12,0.0469760094952087,0.00552526432132381,11.5,0.824488888888889,13.5969696969697,0.653657844915754,3.25824279318907,0.633866666666667,143.705366100297,222.633334,0.000326891129886009,3.84485595163338e-05,1.54923466006563
"241","LH","LH4","4/24.25/23",88,12,0.393479952931105,0.0348855564170773,12.75,0.688488907159509,19.5417026067025,1.28862037312733,3.60032728810392,0.444335230427678,1117.00721043421,815.2905689,0.000352262679466633,3.12312723599306e-05,0.729888367133344
"242","LH","LH4","5/15/22",88,12,0.206815233022107,0.016831213131918,13,0.811091729348433,17.7117517174749,2.06265167041899,3.53679072248727,0.549083077194801,608.16746072292,593.5141941,0.000340062970117259,2.76752937618711e-05,0.975905868746247
"243","LH","LH4","5/4/23",88,12,0.245862689366445,0.0230823574342631,13,0.767704820472129,20.84,1.07778730726414,3.73303817426203,0.482047212854592,792.798201224218,554.0606737,0.000310120140266199,2.9115047686309e-05,0.698867218473041
"244","LH","LH4","7/7/22",88,12,0.303494196126251,0.0212499096968307,11,0.745612927660649,19.4175824175824,1.82869662045082,3.75425813241939,0.527711147582376,843.114834439389,584.3231023,0.000359967804774842,2.52040514871979e-05,0.693052806606745
"245","LH","LH4","7/2/23",88,12,0.235843556051039,0.0198452311094622,13,0.756558641975309,20.9444444444444,-0.584338261249789,3.71231039651853,0.60108024691358,912.037887986183,790.1077627,0.000258589647598732,2.17592178689871e-05,0.866310241172755
"246","LH","LH5","12/16.5/21",88,12,0.14071886585765,0.0124121717843457,11,0.577496765095697,17.248275862069,0.238714337086637,3.58442164642803,0.354836515631183,416.813573642425,451.7108027,0.000337606245948146,2.97787130008242e-05,1.08372383066275
"247","LH","LH5","12/27.5/22",88,12,0.144763974109243,0.0180177094518947,13,0.831590508514078,13.7257014590348,1.34545089203355,3.74077155755824,0.462732476915519,503.30167869879,465.8651321,0.000287628633553355,3.57990251462637e-05,0.92561807722244
"248","LH","LH5","2/28/22",88,12,0.144616864096989,0.0131924604955663,11,0.635918367346939,16.3428571428571,1.53407282551526,3.59287383085829,0.340816326530612,447.018490993311,454.9307295,0.000323514277397426,2.95121136180554e-05,1.01770002509092
"249","LH","LH5","3/1.5/22",88,12,0.107335189171935,0.00783275301111057,11.5,0.772869581716984,16.0418632075472,-0.715344021360092,3.58674298519511,0.476015664530275,290.709825007151,378.183192,0.000369217618184368,2.69435441712983e-05,1.30089580560512
"250","LH","LH5","4/24.3333333333333/23",88,12,0.185525371718158,0.0159319494242557,12.3333333333333,0.624038706253852,16.5990974805392,-0.0621760158977278,3.72347790238896,0.347659345053875,474.55736546135,464.1955463,0.000390944035897107,3.35722308487766e-05,0.978165296936701
"251","LH","LH5","5/15/22",88,12,0.154403273631146,0.0109394739800856,10,0.756586722124732,17.0618154400677,2.48340541363874,3.52930176067089,0.33157299614427,470.588531199527,453.7371823,0.000328106750152991,2.32463675903893e-05,0.964190906105228
"252","LH","LH5","5/4/23",88,12,0.143617727700827,0.019198984040744,12,0.617604090577063,17.8648648648649,0.151630754026488,3.91206433414711,0.389700511322133,405.47622990938,381.1576444,0.000354195183606508,4.73492220370965e-05,0.94002463346664
"253","LH","LH5","7/7/22",88,12,0.263053311373794,0.0192016752477055,16,0.814708417121517,13.6147540983607,1.47049389280017,3.6980616546052,0.406492387245045,778.555336615626,710.1280878,0.000337873621825373,2.46632119062661e-05,0.912109973951141
"254","LH","LH5","7/2/23",88,12,0.119503449149279,0.0114611183345077,13,0.81366109964346,15.1643835616438,0.752049596938301,3.74613766167241,0.568586976918747,329.475446940851,403.850215,0.000362708208635446,3.47859558001153e-05,1.2257369061935
"255","LH","LH6","12/31/22",88,12,0.325694386628003,0.0272068405557094,14,0.875223170005951,20.4788732394366,-0.882546074797393,3.64178343028208,0.630033723467566,967.895515811448,523.8975759,0.000336497464145138,2.81092743082916e-05,0.541274928276513
"256","LH","LH6","2/28/22",88,12,0.29868490017148,0.0215356063058646,10,0.808736985061114,19.3368421052632,0.114677631289612,3.74782022166647,0.526256224535989,858.492649887958,670.0832642,0.000347917830409452,2.50853706303429e-05,0.780534654883128
"257","LH","LH6","3/2/22",88,12,0.352522552690934,0.0268551904111236,11,0.843456790123457,20.265306122449,-0.583819937083371,3.65584947279032,0.566666666666667,1004.97070135692,688.7092358,0.000350778935360958,2.67223615323945e-05,0.685302800240944
"258","LH","LH6","4/21/23",88,12,0.271842150574109,0.0195765860310875,11,0.828514739229025,18.8928571428571,-0.81858966483593,3.79661852560775,0.518424036281179,721.221492777403,548.0809574,0.000376919092534601,2.71436531317149e-05,0.759934309901603
"259","LH","LH6","5/15/22",88,12,0.251324643567852,0.0180473677472158,9.66666666666667,0.804884016394893,19.5937633105677,0.156873633729088,3.75908363693713,0.542756445914067,679.372004905967,536.472996,0.000369936708832503,2.65647798509356e-05,0.789660145142799
"260","LH","LH6","7/7/22",88,12,0.278360449199263,0.0189810307781148,11,0.832886940995049,17.6371681415929,-0.623148161690205,3.60626478248618,0.531775018261505,816.71158610196,893.5929993,0.000340830782783228,2.32408001810141e-05,1.0941353281946
"261","MOW","MOW1","5/20/18",88,12,0.18674314861829,0.0136828606132387,10,0.339410430839002,16.4666666666667,1.24415772219534,3.56557220095323,0.16108843537415,423.108800038889,405.4053859,0.000441359642250707,3.23388703141628e-05,0.958158719134978
"262","MOW","MOW2","5/20/18",88,12,0.143332101073822,0.00983903792213994,6,0.159976387249114,17.3506493506494,1.51910091336871,3.60606102494257,0.112413560465508,164.533013245819,191.9892005,0.000871144934662315,5.97997795581611e-05,1.16687342383477
"263","MOW","MOW3","5/20/18",88,12,0.0490760969047685,0.0036586073500256,8,0.833333333333333,16.5,0.260293922892339,2.80735771102349,0.75,177.553031055198,74.859506,0.000276402473182852,2.06057160966641e-05,0.421617730517523
"264","SC","SC","5/10/16",88,12,0.755782789668353,0.0700971328554707,14,0.842335667045437,14.745995423341,0.428677709285931,3.43113807332883,0.231398813419979,2143.4054974092,1140.804363,0.000352608403114526,3.27036265140681e-05,0.532239170039886
"265","SC","SC","5/29/17",88,12,0.650184793839925,0.0621290510237424,10,0.684229263082948,25.1006289308176,0.791445339226485,3.51830745778552,0.523950793085717,2112.78979026217,1000.515427,0.000307737568988936,2.94061677645806e-05,0.473551808898058
